Time,SetPointPan,measIO,steerIO
0.000000,0.000000,0.000000,0.000000
